{
    "loss": 32.95148849487305,
    "accuracy": 0.4313725531101227
}