{
    "loss": 0.03330739215016365,
    "accuracy": 0.9901960492134094
}